{"_step":4,"train_loss":1.8170835971832275,"train_accuracy":32.03125,"epoch":0,"_wandb":{"runtime":55},"_timestamp":1.7422238543336987e+09,"_runtime":53.401639511}