{"_timestamp":1.742225257885606e+09,"_step":303,"validation_loss":0.8517673015594482,"_runtime":195.422401625,"epoch":7,"validation_accuracy":71.875,"train_accuracy":64.0625,"_wandb":{"runtime":196},"train_loss":0.9135916829109192}