{"validation_accuracy":51.5625,"_runtime":26.592810226,"_wandb":{"runtime":27},"train_loss":1.5539069175720215,"epoch":0,"train_accuracy":43.75,"_step":37,"_timestamp":1.7422255105594685e+09,"validation_loss":1.2605522871017456}