{"train_accuracy":23.4375,"epoch":0,"_timestamp":1.7422241035415256e+09,"_runtime":31.622011799,"_step":5,"_wandb":{"runtime":34},"train_loss":1.9887210130691528}