{"train_accuracy":79.6875,"epoch":7,"validation_loss":0.5167881846427917,"_runtime":132.601000438,"train_loss":0.5542141795158386,"validation_accuracy":81.61764740943909,"_wandb":{"runtime":132},"_step":71,"_timestamp":1.7422249277159564e+09}