{"train_accuracy":71.09375,"validation_loss":0.5983396172523499,"_wandb":{"runtime":41},"validation_accuracy":87.5,"_runtime":40.960397965,"_timestamp":1.7422254831150734e+09,"_step":37,"train_loss":0.8345673680305481,"epoch":1}