{"epoch":7,"_wandb":{"runtime":133},"validation_loss":0.7500307559967041,"validation_accuracy":72.79411554336548,"_runtime":133.186853123,"train_accuracy":75.390625,"_step":71,"train_loss":0.7130874991416931,"_timestamp":1.7422250616928308e+09}