{"_wandb":{"runtime":41},"train_accuracy":64.0625,"epoch":1,"_step":37,"train_loss":0.8776979446411133,"_runtime":41.493034961,"validation_loss":1.0363399982452393,"_timestamp":1.742225553577655e+09,"validation_accuracy":50}