{"train_loss":0.5415478348731995,"validation_accuracy":75,"train_accuracy":80.859375,"validation_loss":0.7751896381378174,"epoch":7,"_timestamp":1.7422246417900815e+09,"_runtime":144.807758941,"_step":71,"_wandb":{"runtime":144}}