{"_step":151,"train_loss":0.5675970911979675,"epoch":7,"train_accuracy":82.03125,"validation_accuracy":87.5,"_wandb":{"runtime":158},"_timestamp":1.7422254412421591e+09,"_runtime":158.706230952,"validation_loss":0.4671248495578766}